,precipitation,temperature,max temperature,wind speed,relative humudity
Jan-30,0.005675573819,26.92713735,30.15131611,2.994813374,80.76641352
Feb-30,0.007582336735,27.06258511,30.31828235,3.107325125,81.63127356
Mar-30,0.008173634149,27.23019925,30.4235398,2.641146542,82.17825923
Apr-30,0.006854503392,27.57288017,30.69012072,2.235933142,81.37821282
May-30,0.0122606315,27.65014409,30.74062089,3.129634522,83.34297118
Jun-30,0.007568423649,27.67793657,30.86663885,2.958108091,81.7410108
Jul-30,0.008941641623,27.2220958,30.34365314,3.534123695,82.90486479
Aug-30,0.009574329219,27.06932572,30.14875417,3.930005506,83.29145286
Sep-30,0.00687299748,27.13577273,30.24576673,4.165118018,82.73849552
Oct-30,0.007003266181,26.98705136,30.17772204,3.669552427,81.95487933
Nov-30,0.009809287089,26.62077665,29.69302614,2.763842197,84.05418741
Dec-30,0.006433200972,26.3745728,29.64540882,2.569225565,80.82737078
Jan-31,0.005807018141,26.75797081,30.12422386,3.364374103,79.65381419
Feb-31,0.004133864594,27.23239623,30.54228978,2.53878437,79.20803027
Mar-31,0.005701377949,27.56524803,30.75035797,2.233599556,79.51969044
Apr-31,0.00670687951,27.69528737,30.74988672,2.041781746,81.2960885
May-31,0.008750639774,27.68073374,30.80086424,2.718398113,82.50025361
Jun-31,0.009251043251,27.75582372,30.98682983,3.858581467,82.43253168
Jul-31,0.007116447418,27.47088828,30.7504593,4.154938548,81.2372482
Aug-31,0.004636001517,27.61212987,30.93082402,4.202840154,79.29248349
Sep-31,0.002978408701,27.7115227,31.27473039,3.840329311,76.1315629
Oct-31,0.004488288732,27.12951966,30.54912627,3.597965116,78.53374138
Nov-31,0.006620470622,26.62029653,29.85982607,2.927950876,81.25845934
Dec-31,0.006190113926,26.27916958,29.44940734,2.584812912,82.12415386
Jan-32,0.006542612877,26.4239768,29.56043122,2.770736724,82.01865312
Feb-32,0.004711158813,27.05906015,30.28962754,2.699475466,80.84198179
Mar-32,0.004489274099,27.64991215,30.89041098,2.21018602,79.67327015
Apr-32,0.004020427393,27.94577673,31.15594337,2.069482347,77.60548573
May-32,0.005361552622,27.88212822,31.0985163,2.43074781,79.4058752
Jun-32,0.007422656677,27.82299968,31.11595092,3.246476275,81.12530152
Jul-32,0.006350432153,27.85098297,31.0718116,3.359698294,80.89991782
Aug-32,0.008402529678,27.71278232,30.99582245,4.001995257,81.4687146
Sep-32,0.006457372198,27.69941825,31.03387543,3.739965645,80.27063231
Oct-32,0.006466284855,27.60924171,30.89897798,3.57934869,80.13452704
Nov-32,0.008662379339,27.16220836,30.37140398,3.10034893,81.48457114
Dec-32,0.007169690523,26.76467663,29.93147545,2.509587795,81.69909597
Jan-33,0.006671272883,26.8049383,30.01378787,2.813767583,81.08949778
Feb-33,0.006498976849,27.18968792,30.39843316,2.809709878,81.10822897
Mar-33,0.006535619909,27.46744276,30.57781925,2.248120472,81.26040824
Apr-33,0.00595365049,27.77461114,30.94785964,2.267560047,80.64305478
May-33,0.005669448038,27.95385199,31.34820501,3.182492607,80.08002135
Jun-33,0.005594537637,27.71619507,31.01735199,2.885929049,80.72353825
Jul-33,0.00466307745,27.80119449,31.09063926,3.590391989,79.7451318
Aug-33,0.00475330519,27.55765541,30.76049208,4.085843584,80.06876934
Sep-33,0.004116803378,27.42358867,30.74318054,4.018348781,79.48182602
Oct-33,0.007077049105,26.9497552,30.11592234,3.200089478,82.04954191
Nov-33,0.0074387453,26.8919789,29.99892957,2.764935481,82.29372987
Dec-33,0.006719153768,26.5268723,29.65444021,2.30811302,81.63172258
Jan-34,0.007378198647,26.59606096,29.69856689,2.836312463,81.93896196
Feb-34,0.004681546019,27.19684431,30.42281897,2.671294831,79.98214535
Mar-34,0.004624672793,27.79614314,31.24566066,2.969143071,78.83990067
Apr-34,0.005028550645,27.7495576,30.98403002,2.175785699,79.15672739
May-34,0.003542293919,28.37132876,31.98418298,3.043284325,76.78421201
Jun-34,0.007907340754,27.9767088,31.48964948,4.035957524,79.65323517
Jul-34,0.009485437536,27.31922995,30.50259615,3.608496709,82.20542621
Aug-34,0.006483924372,27.28782456,30.46082138,4.289430246,81.2110975
Sep-34,0.005379953654,27.22388995,30.57515897,3.359659301,79.96768613
Oct-34,0.007837564869,26.94824355,30.11677543,3.000256346,82.10120716
Nov-34,0.00751588165,26.74075319,29.82269183,2.418084303,82.61623042
Dec-34,0.006505821473,26.90976966,30.03807326,2.370020548,82.18596494
Jan-35,0.006654566871,26.85426434,29.95475671,2.38552304,82.00591956
Feb-35,0.006962308871,27.32890708,30.52089661,2.913881453,81.09095151
Mar-35,0.004237548288,27.79878367,30.99831473,2.236973129,79.58997402
Apr-35,0.007517466598,27.80722447,30.9819771,2.462913003,81.69834131
May-35,0.006243336735,28.10293669,31.39463758,2.673703271,80.63372473
Jun-35,0.009591949026,27.98049748,31.23067965,3.545846362,81.99238296
Jul-35,0.007938372049,27.74103249,31.03389708,3.13864898,81.40797408
Aug-35,0.009451966965,27.57154669,30.80426678,4.249381054,82.02031211
Sep-35,0.007227807406,27.57874468,30.82723585,3.714169372,81.48201417
Oct-35,0.01144503082,27.16881088,30.22628972,3.536370333,83.76680977
Nov-35,0.009706558111,26.82791721,29.8922705,2.808522887,83.44437165
Dec-35,0.005809523625,26.82704075,29.92606962,2.387981188,81.54826877
Jan-36,0.006489370647,27.14288475,30.26113525,2.829606059,81.89704544
Feb-36,0.004129369183,27.5768357,30.87240226,2.610637874,79.11877197
Mar-36,0.009390906575,27.21911949,30.41542791,2.593537671,82.28231495
Apr-36,0.006617285186,27.67572865,30.88539795,2.638260919,80.88971308
May-36,0.008891316908,27.48228936,30.62610208,2.761378801,82.5971469
Jun-36,0.008756995591,27.5989178,30.77997735,3.406486494,82.9723318
Jul-36,0.0101158465,27.39963682,30.59942554,4.009498662,82.65081621
Aug-36,0.007192868262,27.39155039,30.56697886,4.045486147,81.76491097
Sep-36,0.006333959069,27.36610536,30.56962578,3.646530771,81.04448777
Oct-36,0.01012376709,26.78857006,29.83224604,3.170213731,83.73076993
Nov-36,0.007284775265,26.60381847,29.80099383,2.585599264,82.16393995
Dec-36,0.006753190979,26.74660968,29.84549068,2.281378699,82.39828987
Jan-37,0.007820980863,26.83395436,29.94815279,2.662963612,82.2752109
Feb-37,0.006221798421,27.11070268,30.36380851,2.631384626,80.63701979
Mar-37,0.005803078552,27.39445518,30.55364491,2.314211381,81.12569703
Apr-37,0.009288312852,27.28922666,30.47640862,2.974370554,82.34161677
May-37,0.005959198464,27.58804227,30.97591649,3.312872855,79.49549825
Jun-37,0.006448695842,27.5896348,30.90264996,3.363755958,81.29635872
Jul-37,0.006810114084,27.26916152,30.47134603,3.755699963,81.35028212
Aug-37,0.002897334766,27.7035719,31.25910115,4.19983082,76.31917832
Sep-37,0.003520602379,27.4161178,30.92332095,3.869381969,77.75392697
Oct-37,0.004950580563,26.82314037,30.16627048,3.935963521,79.86798454
Nov-37,0.008503144886,26.10207315,29.13539713,3.253192517,84.2825301
Dec-37,0.006130489857,26.00064341,29.101562,2.522579161,82.09352325
Jan-38,0.00518814296,26.57885694,30.01657137,2.908685481,78.78041365
Feb-38,0.005222096239,27.1112774,30.49981058,3.172520254,80.02503434
Mar-38,0.006483366359,27.13344163,30.28452228,2.407612229,81.74518311
Apr-38,0.007292141335,27.41603064,30.6612798,2.632290247,81.36325325
May-38,0.01119524521,27.3919445,30.50997335,3.321663343,83.68297636
Jun-38,0.01236250511,27.28370365,30.3789,4.335767855,83.79932577
Jul-38,0.007003894383,27.21034835,30.3541054,4.284809789,82.8120872
Aug-38,0.004764267014,27.39117065,30.62234376,4.126979322,80.01413083
Sep-38,0.006399547789,27.03686185,30.21213532,3.817129502,81.49858745
Oct-38,0.008507917762,26.39753441,29.44335779,3.008248005,82.98214873
Nov-38,0.007156793114,26.4749502,29.56708878,2.532096907,82.74603589
Dec-38,0.007215457497,26.55330572,29.57354022,2.069602604,82.91505942
Jan-39,0.00762231533,26.80680504,29.74674179,2.462314393,82.95476192
Feb-39,0.009930562962,27.07865432,30.30414192,3.53955114,82.91398215
Mar-39,0.006929795967,27.42960466,30.75815884,3.273733786,80.63372448
Apr-39,0.006847312749,27.36337535,30.67134681,2.798837353,80.59867349
May-39,0.009457060999,27.55212527,30.88895446,4.630932999,81.50584341
Jun-39,0.008834850241,27.32660285,30.65430321,3.994180807,80.98114377
Jul-39,0.006810963697,27.17093145,30.39197611,3.564826195,81.74221121
Aug-39,0.003984962532,27.56730563,31.02516413,4.017136303,77.90259393
Sep-39,0.005301577159,27.13548281,30.48175313,3.885454353,79.60859002
Oct-39,0.008015178264,26.48550338,29.6649416,3.419652849,82.4611665
Nov-39,0.007527016171,26.35052285,29.43418776,2.833849724,83.02908393
Dec-39,0.006730349348,26.32666546,29.45365876,2.379025548,82.42989125
Jan-40,0.006931072638,26.47777325,29.63955162,2.55118487,81.32602851
Feb-40,0.008555175339,26.91755581,30.05366495,2.907612893,83.05797506
Mar-40,0.00759539449,27.24485631,30.43371572,2.57548418,81.29520587
Apr-40,0.005507299178,27.5892702,30.75555476,2.242194639,79.38143953
May-40,0.008377322047,27.6358864,30.85673674,3.009084086,82.0325655
Jun-40,0.01148552438,27.66737449,30.89280237,4.157119661,83.23194925
Jul-40,0.008046529124,27.53889625,30.75851483,3.878301601,82.24395975
Aug-40,0.01041306647,27.28009902,30.36908834,3.621696968,83.74631674
Sep-40,0.01193701525,27.11027225,30.14614075,3.713633155,83.82372252
Oct-40,0.01624601224,26.63432231,29.65341669,3.262302979,85.16409792
Nov-40,0.009283559582,26.67243354,29.81268156,2.906894937,82.79125983
Dec-40,0.007148192491,26.45736891,29.56023398,2.392633454,82.18880823
Jan-41,0.00665141202,26.54972929,29.84294093,3.433355116,80.48320828
Feb-41,0.007301073975,26.64249403,29.86818358,2.683190096,81.42975545
Mar-41,0.004945457353,27.51611446,30.77613919,2.481504134,79.88354125
Apr-41,0.008642710374,27.34815402,30.53134582,2.699170724,82.03303904
May-41,0.007068591015,27.51574288,30.82325302,2.966082361,80.95292591
Jun-41,0.005774315634,27.78927473,31.16904698,3.363995832,80.06934161
Jul-41,0.007773979696,27.0566179,30.28581357,4.062543069,81.76677175
Aug-41,0.002755801326,27.56693596,30.82786872,4.172845505,78.96257119
Sep-41,0.00428708804,27.19585722,30.59225251,4.029023521,78.63497182
Oct-41,0.006707131441,26.7951168,30.03882486,3.390049231,79.87235076
Nov-41,0.006762450815,26.42102118,29.56101925,2.636224484,81.96484122
Dec-41,0.005831837844,26.50047239,29.67095935,2.259209796,81.58675543
Jan-42,0.004519587912,26.79256798,30.1776771,2.722632891,79.0217081
Feb-42,0.00882978353,26.8914549,30.12762225,3.171180517,82.31857166
Mar-42,0.006875368305,27.27736328,30.40638623,2.390240588,81.47029637
Apr-42,0.006861910886,27.31590839,30.46220135,2.264935385,81.11194455
May-42,0.01004519877,27.64038174,30.89647341,4.168742441,82.31109006
Jun-42,0.008344385613,27.50427504,30.68158883,3.36670354,82.07460227
Jul-42,0.009450738415,27.18739303,30.26475997,3.22985715,83.16231079
Aug-42,0.01023952976,27.03877944,30.08864615,3.712307843,83.8422591
Sep-42,0.00669992289,27.09023588,30.36159296,3.839859629,80.99852468
Oct-42,0.008877752949,26.72150335,29.87204188,3.043362983,82.88303324
Nov-42,0.007155434716,26.65012326,29.82021545,2.449398727,82.30816704
Dec-42,0.00637166318,26.67226166,29.76530887,2.133842626,82.22386369
Jan-43,0.007109116137,26.90250026,30.13275362,3.209659901,81.63099247
Feb-43,0.007143610979,27.29397447,30.60902191,3.442004996,81.23844542
Mar-43,0.007393562032,27.19402959,30.603522,3.273528249,79.19981047
Apr-43,0.005643692067,27.26207484,30.49905758,2.422328607,80.17356521
May-43,0.01006789502,27.49785705,30.82473868,5.096439831,81.37331762
Jun-43,0.008690114849,27.33103379,30.66228675,4.292913944,81.43142242
Jul-43,0.008831812956,27.02308994,30.25573536,3.93215701,82.69262552
Aug-43,0.004783585576,27.53321731,30.98184648,4.219050665,78.53707472
Sep-43,0.006040805831,27.06511064,30.33194825,3.672579519,80.67061107
Oct-43,0.00571852013,26.82782979,30.15054901,3.275445672,79.90024652
Nov-43,0.007522648508,26.53072084,29.68492207,2.973877655,82.49762806
Dec-43,0.005990549288,26.43500582,29.6695048,2.637746845,81.58040051
Jan-44,0.004446488341,26.8926263,30.32754377,3.168281435,77.66617516
Feb-44,0.008373425454,26.98250048,30.17557245,2.685550674,82.06976396
Mar-44,0.007284511059,27.50960007,30.63291566,2.641069777,81.89780589
Apr-44,0.007808165229,27.39395108,30.46198026,2.142069311,82.12360329
May-44,0.006997927864,27.53889528,30.60151576,2.171523288,81.7010621
Jun-44,0.01178634667,27.51387256,30.65479008,4.170345274,83.43240512
Jul-44,0.01165550601,27.37895345,30.51304331,4.221817272,83.38073253
Aug-44,0.008130308514,27.19939309,30.32834114,4.398419107,81.98398526
Sep-44,0.006525846619,26.95268259,30.06537918,4.074615114,81.97193386
Oct-44,0.006585067218,26.68394356,29.85107673,3.411482186,81.99804227
Nov-44,0.005635079001,26.71142049,29.85484686,2.38103852,81.86731047
Dec-44,0.006552109927,26.65538409,29.81785581,2.293895163,82.13211298
Jan-45,0.008135807947,26.70827392,29.72368074,3.002685921,82.59143895
Feb-45,0.007703105486,27.11086203,30.22680394,2.718659398,82.58399242
Mar-45,0.007787038782,27.31405679,30.50955728,2.555880946,81.56924433
Apr-45,0.006379040624,27.49360374,30.61392925,2.16957572,80.74187931
May-45,0.008273017615,27.63328901,30.80303478,2.89974419,82.02630984
Jun-45,0.009895233386,27.61267958,30.81050812,3.413722803,82.71992152
Jul-45,0.007997866798,27.33476885,30.40596455,3.302096626,83.26414997
Aug-45,0.0062229323,27.31517263,30.48882926,4.655053499,81.0824832
Sep-45,0.00904689256,26.72016796,29.75682599,3.807273497,83.54426926
Oct-45,0.007585113402,26.30417167,29.30545092,3.154322732,83.87227272
Nov-45,0.006464750724,26.16355779,29.14776377,2.388758341,83.39234467
Dec-45,0.006911643851,26.51780744,29.61841481,2.68687618,83.43264174
Jan-46,0.005456562524,26.54385493,29.81562399,3.085449017,80.16735365
Feb-46,0.004710144665,26.9824676,30.29460361,2.677791592,79.46206559
Mar-46,0.006749870858,27.30090326,30.50038088,2.620851315,81.52469377
Apr-46,0.006762971725,27.52566352,30.73133023,2.291081661,80.8474646
May-46,0.01069205496,27.61217705,30.73984474,3.203100346,83.06554188
Jun-46,0.01082756848,27.54375759,30.70153589,3.71799284,83.74321235
Jul-46,0.005700337895,27.54826335,30.81998472,3.678537927,81.29357869
Aug-46,0.002543120946,27.85682483,31.43625962,4.429456736,76.26464612
Sep-46,0.004225393673,27.34777607,30.90407902,3.932691859,77.57789739
Oct-46,0.006589858692,26.66089705,29.89620314,3.4466389,81.17524526
Nov-46,0.00803669301,26.33691402,29.327481,2.753940697,83.58871916
Dec-46,0.0047987627,26.23091541,29.40555649,2.264072041,81.22638186
Jan-47,0.004978343474,26.77943348,29.97435604,2.560435261,81.01000349
Feb-47,0.005968374174,27.30058714,30.45326942,2.557793439,81.44618346
Mar-47,0.006331974216,27.82332313,31.06112929,2.657653083,80.95990035
Apr-47,0.006096980401,28.04365395,31.26437466,2.494079768,80.50276042
May-47,0.00756985227,28.03738218,31.30333887,3.282155649,80.86429171
Jun-47,0.008360470242,27.94461996,31.32014682,3.765996478,81.18278194
Jul-47,0.009950781695,27.49776243,30.61334775,3.34548204,83.41476312
Aug-47,0.00710390313,27.54038005,30.69079103,4.271719895,82.38104998
Sep-47,0.003413949679,28.0377721,31.42781084,4.346494458,77.70918753
Oct-47,0.005099490301,27.50111782,30.86789776,3.629936048,79.13280126
Nov-47,0.007761338113,26.82192785,29.96076114,2.867638793,82.49784229
Dec-47,0.007483104975,26.84370075,29.9135523,2.435837403,83.02945025
Jan-48,0.00671243945,27.15854975,30.31712992,2.935415283,81.74928379
Feb-48,0.00731958625,27.53692313,30.6460058,2.783689899,82.42054104
Mar-48,0.004940649287,27.87013034,31.12542653,2.446800385,79.79360492
Apr-48,0.00852421202,27.55964646,30.88839181,3.561246225,80.56196105
May-48,0.006804988375,27.83705566,31.34805669,3.28128147,79.10129938
Jun-48,0.006676418971,27.73760756,31.1095961,3.707528549,80.51571227
Jul-48,0.007976573795,27.42617893,30.59739488,3.182157863,82.58056897
Aug-48,0.00627244508,27.6778165,30.96938823,3.266190885,79.96685359
Sep-48,0.009602855643,27.44044493,30.60485446,3.425318761,82.61433147
Oct-48,0.007445246046,27.12018632,30.1738139,2.442465411,82.12377898
Nov-48,0.007147906046,27.13416507,30.21418609,2.433910474,82.27819831
Dec-48,0.00739880328,26.97545983,29.98757033,2.274149328,82.52197033
Jan-49,0.004259792575,27.46195917,30.77285414,2.933205792,78.96035007
Feb-49,0.005276973007,27.65846297,30.94076298,2.701468531,79.67485009
Mar-49,0.004864466943,27.99205587,31.35568599,2.251119066,79.4959873
Apr-49,0.007943011358,28.04620569,31.20067111,2.315490527,81.98409159
May-49,0.009944436628,28.02293755,31.15960534,2.840789863,82.97293534
Jun-49,0.006875770231,28.25424762,31.50813882,3.721484474,81.43483723
Jul-49,0.010684952,27.75747691,30.91982139,3.469702289,82.90670481
Aug-49,0.008898239066,27.6797994,30.82236954,3.692861657,82.92331351
Sep-49,0.007106615559,27.73355739,30.90030128,3.70130342,81.70186162
Oct-49,0.009882652105,27.1590827,30.17240845,3.244107181,83.30218647
Nov-49,0.008085473793,27.2500633,30.27205457,2.631944832,83.29793338
Dec-49,0.009136354941,27.27913752,30.27486589,2.554249131,84.12842516
Jan-50,0.00830369496,27.29050092,30.43821427,3.46769268,82.09469064
Feb-50,0.009780799474,27.64199737,30.80755248,3.272577342,82.90702985
Mar-50,0.006999816446,27.73710777,30.91528249,2.576826821,81.60013495
Apr-50,0.007762324099,27.81338525,30.9534483,2.340793969,81.7408602
May-50,0.009292413205,27.94405299,31.11306758,2.941336362,82.1430322
Jun-50,0.00672750669,28.25242171,31.49280554,3.192060366,80.83764896
Jul-50,0.00886886955,27.68412327,30.91491494,3.859591699,82.30524064
Aug-50,0.007086487872,27.72412514,31.00930739,3.405986353,80.64641783
Sep-50,0.0071155121,27.71198845,30.93904564,3.624125546,81.09886768
Oct-50,0.00986673791,27.314986,30.38086269,2.880405124,83.30765334
Nov-50,0.01061981663,27.15414459,30.16368439,2.556422752,83.75268959
Dec-50,0.007286826133,27.2239755,30.19636561,2.093082254,82.34095287
Jan-51,0.008865173251,27.37745343,30.45935451,2.79417423,82.3245223
Feb-51,0.009961135741,27.65255155,30.75801134,3.332978396,83.56360225
Mar-51,0.008136157223,27.76653253,30.8716397,2.397012266,82.00938041
Apr-51,0.006919075198,28.02663869,31.2308288,2.531503958,80.30500203
May-51,0.01196790706,27.89438147,31.09494556,3.619833679,83.00500763
Jun-51,0.008298850887,27.87909556,31.17702689,3.665626121,82.14621407
Jul-51,0.009616198291,27.60814942,30.81941719,3.901353059,82.38777608
Aug-51,0.006792692973,28.06707482,31.5243845,4.20893861,79.36902977
Sep-51,0.006649655404,27.66637503,30.91356479,3.85431933,81.00615037
Oct-51,0.007992043673,27.44267439,30.63465486,3.341448351,82.09964054
Nov-51,0.009700671818,26.94755936,30.056776,2.61408053,82.96918135
Dec-51,0.006489715645,27.25256033,30.31927748,2.168616027,81.90541991
Jan-52,0.007638146748,27.19226245,30.32261289,2.61165823,82.02035984
Feb-52,0.006068662524,27.68819889,30.81635964,2.31604364,81.12493776
Mar-52,0.005288239952,28.08538623,31.22055067,2.202054494,80.29078473
Apr-52,0.008259975599,27.95578146,31.04260093,2.250741096,81.77835103
May-52,0.008326667139,28.01689036,31.1490488,2.754099976,81.68531523
Jun-52,0.01187895846,27.89936477,30.99690843,3.643685274,83.65391595
Jul-52,0.005757222611,27.71376752,31.00718311,4.343722989,80.35392137
Aug-52,0.004842941854,27.4691212,30.7208509,4.643301859,80.28763389
Sep-52,0.004402016379,27.17260889,30.36212986,4.482437642,80.71324542
Oct-52,0.006250488804,26.57885014,29.70942634,3.068894032,82.60396829
Nov-52,0.007095543588,26.45385967,29.54432755,2.397596851,82.54663387
Dec-52,0.008225230901,26.62116051,29.65627826,2.278871024,83.47715513
Jan-53,0.00730916322,26.95003648,30.11964259,3.033560324,81.90139493
Feb-53,0.00648606924,27.17429441,30.4306868,2.875005858,81.0067272
Mar-53,0.008376998294,27.45108144,30.63046125,2.592618774,82.02559415
Apr-53,0.008996303516,27.57722563,30.68638312,2.468875455,82.66593633
May-53,0.009527510788,27.87608131,31.20820489,4.241353062,81.4768782
Jun-53,0.006015252991,27.81361888,31.16291454,3.907564947,81.01886067
Jul-53,0.006809538783,27.47505792,30.74431059,3.996807315,80.88770154
Aug-53,0.005174838162,27.52844034,30.88566202,4.20963707,79.25928227
Sep-53,0.002729890517,27.6375973,31.17113338,4.237363492,76.52748709
Oct-53,0.005457818224,27.05433172,30.39499243,3.352718763,79.83734719
Nov-53,0.007231608294,26.72183394,29.87896329,2.772777761,82.5206866
Dec-53,0.006269381509,26.82885023,29.95872434,2.380483829,81.73333941
Jan-54,0.00780471607,26.95982629,30.06914684,3.110957782,82.01452789
Feb-54,0.006407764812,27.34419851,30.58594879,2.663716407,81.12837624
Mar-54,0.006649430832,27.65201053,30.89058899,2.635127913,80.71176247
Apr-54,0.007490350724,27.81266827,30.94408768,2.283320253,81.19102435
May-54,0.009007631072,27.71820987,30.84347022,2.611438978,82.88693133
Jun-54,0.01078684373,27.74699826,30.91043546,3.573993681,82.63940082
Jul-54,0.01072756654,27.43822429,30.50931768,3.129053657,83.63068931
Aug-54,0.009677950584,27.43680666,30.6048071,3.457436783,82.94177393
Sep-54,0.01161632913,27.221008,30.29001931,3.506581039,83.98957448
Oct-54,0.01142357264,27.2100846,30.34820812,3.425313876,83.39449586
Nov-54,0.01020521792,26.97248903,30.02943069,2.517619908,83.33263084
Dec-54,0.01085306504,26.60512233,29.72183094,2.898750393,83.29937381
Jan-55,0.009966303784,26.75616111,29.80103238,3.509677491,83.42176882
Feb-55,0.009407294933,27.06783644,30.2646556,3.383415512,82.41043084
Mar-55,0.007948455244,27.30861852,30.46188463,2.428381035,82.0592063
Apr-55,0.00498391623,27.73672186,30.89884142,2.242719541,80.07923766
May-55,0.003926710303,27.77412662,31.08982374,2.411300856,79.01647813
Jun-55,0.006009806744,27.81066956,31.11262315,3.000532146,80.75457599
Jul-55,0.009951925529,27.35386565,30.56175089,3.598576849,82.68536699
Aug-55,0.01199824473,26.83987335,29.86637507,4.182828284,83.83447565
Sep-55,0.008126710135,26.87114252,29.93373542,3.541701184,83.09422408
Oct-55,0.009735330061,26.96557939,30.06303192,3.208529004,83.45764425
Nov-55,0.007663470492,26.85555301,29.92181074,2.2312942,82.30294227
Dec-55,0.006168008614,27.15362256,30.20422088,2.21866906,81.95725973
Jan-56,0.00786826517,27.38369947,30.65561714,3.841848638,81.21350028
Feb-56,0.006659353041,27.53634327,30.9802813,3.419120091,79.61780931
Mar-56,0.005012040892,27.72070412,31.06951704,2.550105791,79.45466557
Apr-56,0.005746307058,27.84738962,31.00086573,2.141908152,80.42625878
May-56,0.01204128902,28.10323504,31.40249314,4.441205744,81.7639896
Jun-56,0.006825487094,28.14714066,31.48541421,3.642311285,80.84202881
Jul-56,0.008207365325,27.95830795,31.40958936,4.338381091,79.31004516
Aug-56,0.01199947212,27.3754417,30.603288,3.836979775,82.74902191
Sep-56,0.01271995181,27.24376267,30.29524741,3.573755515,84.07427411
Oct-56,0.007890118277,27.12440368,30.32115028,2.612144745,81.76036323
Nov-56,0.008088895083,26.92358284,30.01206992,2.361099002,82.36028149
Dec-56,0.01080093009,26.81155377,29.8989415,2.833230589,83.6608957
Jan-57,0.01143389239,26.83188649,29.87846061,3.006996818,84.27203233
Feb-57,0.01033349176,27.29007157,30.45655366,3.605670341,82.64882227
Mar-57,0.007462100583,27.67432383,30.90673025,2.866356267,81.30036786
Apr-57,0.005209709506,27.78934601,31.02742264,2.120674383,79.42685871
May-57,0.008950633483,27.7795441,30.98416445,2.978774048,82.37821344
Jun-57,0.009881873317,27.85388234,31.12085786,3.861011379,82.02279397
Jul-57,0.008639469045,27.45407347,30.62645373,3.558935349,82.56408711
Aug-57,0.003409874939,28.07118876,31.58094306,4.025061626,77.75045537
Sep-57,0.005642735758,27.59298403,30.96306388,3.666421295,79.57581184
Oct-57,0.01007351439,26.8921999,29.9642557,3.225506451,83.3297111
Nov-57,0.008393927814,26.78316012,29.93498518,2.65962516,82.48802047
Dec-57,0.006889080605,26.90299403,29.96120392,2.343197333,82.40499885
Jan-58,0.008286287923,27.1717084,30.2124468,2.727731447,83.37424247
Feb-58,0.003873094808,27.69597842,30.90434035,2.53126586,79.60696581
Mar-58,0.005698488035,27.79595056,31.05394085,2.621403456,80.58228002
Apr-58,0.009238496088,27.64128774,30.80211459,2.569295342,82.21542606
May-58,0.009411878421,27.75632458,30.85431265,2.738237342,82.82996862
Jun-58,0.007456724062,27.75262,30.97335747,3.611888418,81.90360302
Jul-58,0.01086714337,27.39813477,30.49020933,3.844226901,83.63027165
Aug-58,0.004484810485,27.46917889,30.66768644,4.782067169,79.81679635
Sep-58,0.004365769424,27.17744429,30.40269793,4.013869427,79.87372749
Oct-58,0.006472504087,26.59354387,29.88187167,3.139176419,80.95409193
Nov-58,0.00387821469,26.64235549,29.96872457,2.887785263,80.00301519
Dec-58,0.005882059394,26.6583918,29.79255834,2.425021931,82.15303447
Jan-59,0.003563232302,26.99353749,30.40218793,2.899012437,77.8398083
Feb-59,0.005809992973,27.48235017,30.70070307,2.712222937,80.92522432
Mar-59,0.005929285694,27.76349922,31.07429029,2.738206668,80.32947119
Apr-59,0.006683946337,27.87063899,31.12853988,2.514645217,80.55123274
May-59,0.007559797293,27.988349,31.32401382,3.017166913,81.39274533
Jun-59,0.01047343023,27.88163699,31.19253155,4.062087204,81.96409312
Jul-59,0.007640251434,27.58945912,30.7804727,3.189242401,82.27577127
Aug-59,0.005331563873,27.89404612,31.20307801,3.897527833,79.92274799
Sep-59,0.00387510698,28.16703687,31.75649472,4.040861403,76.65989258
Oct-59,0.006870826181,27.48374268,30.72327507,3.141096389,80.2959588
Nov-59,0.00968695681,27.08966478,30.11225572,2.50536271,83.53674215
Dec-59,0.007871736158,27.10243906,30.1455967,2.218026342,82.46059174
Jan-60,0.01006851975,26.96077502,30.110007,3.231793133,82.39554531
Feb-60,0.005399512029,27.62423016,30.87408909,2.502937787,80.28733658
Mar-60,0.006622697113,27.71412275,30.81747697,2.214387871,81.43299557
Apr-60,0.006091474381,28.04222871,31.20540505,2.329923973,80.27295326
May-60,0.009407478209,28.14307672,31.28638058,3.014920144,82.72044025
Jun-60,0.01384634625,27.85494921,30.96489984,3.545190659,84.38137034
Jul-60,0.01284101688,27.49039759,30.51916556,3.633051819,84.50402717
Aug-60,0.01141628652,27.30028653,30.36823601,4.207738568,83.56875676
Sep-60,0.008313827143,26.92751323,29.92866936,4.409115688,83.22431183
Oct-60,0.006914429443,26.95040893,30.04679504,3.173532771,82.59664163
Nov-60,0.006315751678,26.80244639,29.85579783,2.132276839,82.03855257
Dec-60,0.005379961407,27.16182493,30.34046432,2.316089671,80.77173276
Jan-61,0.004999566951,27.17125819,30.48387769,2.945877589,79.74806371
Feb-61,0.005655325708,27.5817896,30.92568206,2.856746377,79.25811704
Mar-61,0.009794878032,27.49708745,30.66168107,2.661892871,82.42729695
Apr-61,0.008028509722,27.60113475,30.7360618,2.421696993,82.06475563
May-61,0.00892299994,27.64667579,30.77882051,2.806709371,81.95994807
Jun-61,0.007271242549,27.90035983,31.16566183,3.482678014,81.36376778
Jul-61,0.009294732396,27.501136,30.63508898,3.345289436,83.01396453
Aug-61,0.008116902927,27.36285119,30.45529856,3.4824215,82.67293124
Sep-61,0.005007209524,27.56792104,30.84932682,4.216317736,79.84630128
Oct-61,0.006169676788,27.21931157,30.54160984,3.80605688,80.3801485
Nov-61,0.008923360587,26.63910849,29.70600063,2.601648756,83.13712956
Dec-61,0.005700031787,26.82145981,29.85897724,2.145083497,81.99803449
Jan-62,0.005065923286,26.91592539,30.16995211,2.959950525,79.55727255
Feb-62,0.005245973074,27.27530993,30.61095848,2.826666305,80.06361455
Mar-62,0.005784645454,27.47314395,30.69625895,2.524114009,80.63052662
Apr-62,0.004812189521,27.73342314,30.97546078,2.127249302,79.33590805
May-62,0.007804507413,27.59604331,30.88336573,3.072717139,81.0041266
Jun-62,0.005174495685,28.2320804,31.62781598,3.703629292,79.04789318
Jul-62,0.007542766112,27.31338963,30.60252663,3.659952545,81.49831662
Aug-62,0.007826721619,27.18491816,30.33222151,3.682181272,82.30006832
Sep-62,0.006305560679,27.22774776,30.37763146,4.106489313,81.00323147
Oct-62,0.007783374053,26.78871443,29.82523064,3.34051927,83.10193669
Nov-62,0.007521387045,26.47103307,29.45786432,2.468070536,83.09869314
Dec-62,0.007060772173,26.49830599,29.56615389,2.359323677,82.6430141
Jan-63,0.00584409857,26.76358345,29.97293015,2.767300574,79.9790463
Feb-63,0.005209973945,27.30094088,30.48497334,2.486537356,80.09434675
Mar-63,0.006542729307,27.68723983,30.92044326,3.068865217,81.56179029
Apr-63,0.01006998817,27.45106201,30.6163147,2.713683253,82.93692176
May-63,0.01154827571,27.76811259,30.84374898,3.149464134,83.14277848
Jun-63,0.01205938079,27.59648868,30.66107418,3.512780209,84.24762637
Jul-63,0.009757764474,27.50156352,30.66137009,4.143843313,82.63546554
Aug-63,0.007493037349,27.47478867,30.81917085,3.912055255,80.97401369
Sep-63,0.008316332022,27.3310402,30.46128481,4.312139902,82.19346606
Oct-63,0.01168593155,26.85771127,29.88050049,3.542751548,84.05243327
Nov-63,0.006848388131,26.84790587,29.89713474,2.484337527,82.38708166
Dec-63,0.005790698975,26.83433963,29.94053379,2.133231927,81.61751444
Jan-64,0.008622604051,26.79261211,29.88495279,2.858657019,82.89598751
Feb-64,0.006683326763,27.46910874,30.63655517,2.743804267,81.38485103
Mar-64,0.007278967795,27.81981671,31.15537568,3.548720643,80.56897329
Apr-64,0.01243095062,27.40369687,30.51171162,3.066157981,83.58481707
May-64,0.01453299851,27.61872116,30.76736477,4.128109759,83.99432488
Jun-64,0.01073656941,27.53176909,30.70380467,3.87016633,83.00265612
Jul-64,0.01289005657,27.31302941,30.43219843,3.624609255,83.74074346
Aug-64,0.005687473959,27.59500434,30.87528456,3.927868308,80.70544419
Sep-64,0.008882394091,27.15614101,30.35445913,3.490522647,82.58423871
Oct-64,0.01275194433,27.02006322,30.12680115,3.306416438,83.86964377
Nov-64,0.01008234983,26.6114102,29.68758146,2.422415757,83.58089043
Dec-64,0.008526588125,26.58123741,29.68240511,2.445531381,82.28862992
Jan-65,0.004205328456,27.0387214,30.32850645,2.688055636,79.77510188
Feb-65,0.006742407048,27.43864088,30.71677696,3.302836128,80.76759727
Mar-65,0.009283437304,27.39453874,30.61999906,3.063302368,82.34306075
Apr-65,0.007534992692,27.55882608,30.63942757,2.163692322,81.94947077
May-65,0.008073982683,27.89948093,31.2168156,3.674776324,80.96494546
Jun-65,0.006804421489,28.01838096,31.34751474,3.678901326,80.61276428
Jul-65,0.006463800887,27.54846755,30.83290118,3.490255808,81.20373396
Aug-65,0.006674637315,27.54793259,30.79225635,4.449174228,80.16103129
Sep-65,0.003971849154,27.25045344,30.71098114,3.702318622,77.90083704
Oct-65,0.004809123167,26.94991253,30.32353584,3.134878578,79.71052469
Nov-65,0.004995394791,26.64524313,29.98228783,2.709747064,80.31934298
Dec-65,0.006139514236,26.6061581,29.84918739,2.490297759,81.65658264
Jan-66,0.006604079556,26.5577806,29.74627748,2.87409964,81.6644915
Feb-66,0.006407873072,27.08936539,30.26630718,2.583698896,82.172367
Mar-66,0.007342940904,27.40620275,30.55566969,2.494351212,81.62319865
Apr-66,0.005314502229,27.80737571,30.92037305,1.99681011,80.72896825
May-66,0.01043048574,27.59966866,30.7882049,3.020856435,82.52366082
Jun-66,0.008904294232,27.75896289,31.06417434,4.085479541,82.15445685
Jul-66,0.009718466965,27.47560077,30.67440541,3.827887088,82.73746068
Aug-66,0.002805671878,27.89547574,31.3302704,3.991303593,77.77416464
Sep-66,0.004861755497,27.41814206,30.71741568,3.982388583,79.38708876
Oct-66,0.00517281556,27.12973754,30.36907502,3.518905465,79.97722548
Nov-66,0.007427824064,26.46674521,29.49391815,2.683641725,82.99685065
Dec-66,0.007274314555,26.60601562,29.67429433,2.361317686,83.09693842
Jan-67,0.007451228383,26.71436837,29.77026626,2.446773594,82.49717191
Feb-67,0.005139666311,27.4841105,30.73880578,2.968644942,80.58378318
Mar-67,0.006392421241,27.83164375,31.10302129,2.731856803,80.64004267
Apr-67,0.008381144654,27.55929404,30.68191383,2.436010271,82.04426183
May-67,0.009888872335,27.52444711,30.60367387,2.742973775,83.11583353
Jun-67,0.007639314476,27.81261379,31.0581088,3.629842668,81.74984921
Jul-67,0.007771145452,27.56932091,30.73940077,4.097136805,82.46040069
Aug-67,0.002743749829,28.17544426,31.69219053,4.191439237,76.84341926
Sep-67,0.004953596204,27.7193466,31.04100554,3.798317698,79.29900432
Oct-67,0.008216384735,27.2235292,30.40533572,2.97827339,81.60851274
Nov-67,0.01007387448,27.0244369,30.09653481,2.866677173,83.82772308
Dec-67,0.008825851393,26.88162032,29.88391662,2.3264292,83.43028985
Jan-68,0.006841287532,27.24574151,30.29959978,2.340184599,82.61797669
Feb-68,0.006343770085,27.49824008,30.75137307,2.77335025,80.43293379
Mar-68,0.005299316639,28.00225842,31.31435497,2.580712321,79.45882523
Apr-68,0.007641459953,27.83399662,31.00942644,2.422273067,81.57197947
May-68,0.00530436941,28.28700279,31.50922634,2.468626983,80.03536474
Jun-68,0.01089113719,28.01782246,31.30241209,4.012320997,82.08252638
Jul-68,0.009723930463,27.37749729,30.53931986,4.011076264,82.85152556
Aug-68,0.00534895789,27.4989332,30.73256604,4.336552745,80.68155544
Sep-68,0.00475876511,27.31231302,30.53702168,3.916881854,80.87158841
Oct-68,0.0064509814,27.08448908,30.26959162,3.515284701,81.51600985
Nov-68,0.006560159746,26.71619098,29.8807504,2.946635146,82.31651606
Dec-68,0.007293554363,26.55145328,29.68518874,2.568130651,82.96124212
Jan-69,0.005547362133,26.52229621,29.80679005,2.763156267,79.94919118
Feb-69,0.005224526303,27.01551951,30.28865654,2.68056906,79.46428089
Mar-69,0.005823667886,27.55650644,30.68738129,2.359048595,81.35157805
Apr-69,0.005746486571,27.83332269,30.9251149,2.096002496,81.03489187
May-69,0.007769373695,27.87175445,31.11497745,2.913095955,81.46043756
Jun-69,0.00831817988,28.04495414,31.28996048,3.41587654,82.37157385
Jul-69,0.01130136302,27.37351129,30.50818866,3.409810463,83.71713768
Aug-69,0.005666298918,27.84456115,31.17786244,3.659450793,80.37853691
Sep-69,0.007927769951,27.53427602,30.75042559,3.290246552,81.6238813
Oct-69,0.008722759434,27.28602712,30.41290647,2.789382379,82.54623778
Nov-69,0.008675286987,27.03389214,30.2070265,2.660691353,82.30164414
Dec-69,0.007838932079,27.1715693,30.28299137,2.468893876,82.66407152
Jan-70,0.007365191811,27.2940714,30.41060851,2.616544449,82.33014349
Feb-70,0.008384336581,27.51976371,30.74564126,3.098277969,80.78411012
Mar-70,0.003443575981,27.90008271,31.22943647,2.19890729,76.94616625
Apr-70,0.006454590717,27.75703378,30.88728647,2.141130427,80.84281819
May-70,0.008856268569,27.78963502,30.97996529,3.072896628,81.21269289
Jun-70,0.007716755657,27.82531694,31.10229932,4.054167218,81.65285892
Jul-70,0.008547591367,27.44185178,30.6589292,4.212126087,81.70826055
Aug-70,0.005980230277,27.46618321,30.71019994,4.386556906,80.55810852
Sep-70,0.008307452713,26.95590413,30.11977371,3.984858575,81.5579846
Oct-70,0.005706369234,26.91703083,30.25833485,3.308019552,79.85777346
Nov-70,0.006191156916,26.68892938,29.82907224,2.918490784,81.93444735
Dec-70,0.008429026995,26.35966892,29.51985724,2.63904497,82.50502157
Jan-71,0.004806135533,26.57968592,29.94261581,2.884723005,79.50712635
Feb-71,0.004700068448,27.15476698,30.45432798,2.625686012,79.65781883
Mar-71,0.007361015718,27.24677992,30.34431762,2.21629557,82.23373633
Apr-71,0.005812129704,27.7015322,30.90263439,2.320691754,80.56633687
May-71,0.007015437472,27.78071452,31.13970057,3.554200158,80.45518897
Jun-71,0.01007806421,27.6127763,30.89083589,3.983024853,82.45989695
Jul-71,0.006208290776,27.52510343,30.67661272,3.231846375,81.44219833
Aug-71,0.004182853489,27.4121684,30.65848384,4.292352908,79.49112657
Sep-71,0.00346246076,27.33701173,30.68663708,3.956252694,78.3978965
Oct-71,0.003708199618,27.10727938,30.63589396,3.718697049,76.80859298
Nov-71,0.006251354469,26.57517573,29.76172968,2.996053764,81.40606742
Dec-71,0.005687322895,26.49402518,29.70652317,2.481518114,81.77704749
Jan-72,0.005774519698,27.01464994,30.34326892,2.912381266,79.45425715
Feb-72,0.006352138231,27.24712491,30.5387418,3.142481175,80.49351653
Mar-72,0.006132199568,27.72401731,30.86233967,2.356727465,81.38084229
Apr-72,0.007187715763,27.63035583,30.73186156,2.24970971,81.67508889
May-72,0.005737371659,28.04931595,31.32156378,2.726351188,80.20205065
Jun-72,0.0105374565,27.81779845,31.03735867,3.637268406,83.02845444
Jul-72,0.008927215988,27.41065014,30.51917988,3.68925375,82.46123716
Aug-72,0.004423940003,28.11403258,31.60240542,4.176155015,78.43461694
Sep-72,0.007933735088,27.46117293,30.70334254,3.891476431,81.59770776
Oct-72,0.008573890199,27.13239348,30.3106699,3.073946304,82.47699265
Nov-72,0.009523408054,26.84208926,29.9111221,2.581165885,83.64502911
Dec-72,0.009018398947,26.77637909,29.94621147,2.768227225,82.98708631
Jan-73,0.009697584318,27.13914568,30.22616797,2.905095012,83.3666786
Feb-73,0.004869428147,27.75160621,30.91507565,2.51160628,80.8626146
Mar-73,0.01012832059,27.5993265,30.73665583,2.911640722,82.98872894
Apr-73,0.004558717205,28.21919042,31.39858957,2.154938686,79.31115902
May-73,0.007716516119,27.92433826,31.01087974,2.382772249,81.8132915
Jun-73,0.007151965787,28.26009987,31.52448368,3.712927842,81.35721998
Jul-73,0.007237661492,28.04142404,31.32394826,3.621897842,81.56981299
Aug-73,0.01018287485,27.60686476,30.77432609,4.208756033,83.05107321
Sep-73,0.007142622812,27.69390147,31.01701893,3.932844493,80.54899585
Oct-73,0.0134993594,27.02341175,30.03682117,3.286055034,84.86613774
Nov-73,0.009115441824,27.03829741,30.04660938,2.566367536,83.60940835
Dec-73,0.008053342369,27.03139687,30.06501955,2.567357028,82.888336
Jan-74,0.005583911812,26.94140539,30.19240226,2.911911021,80.42076493
Feb-74,0.006004190493,27.16823734,30.45954637,2.996731895,80.55710295
Mar-74,0.006306873736,27.52515574,30.77850698,2.57257013,80.67832759
Apr-74,0.006208552608,27.60041907,30.74142049,2.186997376,81.28001588
May-74,0.008568599369,27.73885828,30.96783214,2.949625843,81.6492933
Jun-74,0.009463042441,27.90453839,31.07490161,3.614107984,82.6269499
Jul-74,0.01367923676,27.38242267,30.46163812,3.860121749,84.39310442
Aug-74,0.007848787425,27.42422624,30.61649739,4.156866524,82.06192192
Sep-74,0.005673521121,27.56262684,30.83563668,3.967031739,79.73762483
Oct-74,0.008813403817,26.7561397,29.78053213,3.203466258,83.36589065
Nov-74,0.007291249612,26.65020722,29.6939163,2.928096717,82.95936
Dec-74,0.006538765654,26.58037198,29.80555702,2.742111112,81.56582447
Jan-75,0.006164690456,27.09241713,30.39467554,3.235300339,80.19904703
Feb-75,0.006732267062,27.33465764,30.49238772,2.642148203,81.16889276
Mar-75,0.00648789151,27.73546656,30.88350561,2.375923797,81.69917638
Apr-75,0.006616148434,27.95570023,31.15161635,2.469383008,81.23078394
May-75,0.006376510963,27.99259798,31.25629936,2.660214003,80.66665767
Jun-75,0.008610889308,27.75904192,30.87491712,3.325071049,83.39951642
Jul-75,0.009926373429,27.49564058,30.70105032,4.18853822,83.15653427
Aug-75,0.005634905484,27.80855505,31.19060187,3.883474306,79.42541955
Sep-75,0.01010147497,27.13095431,30.28989753,3.742761954,82.7267604
Oct-75,0.01003283197,26.90639477,30.06602209,2.933658112,83.04051505
Nov-75,0.008021294414,26.95243053,30.06676391,2.408412276,82.32573877
Dec-75,0.00886540944,26.73972103,29.83405453,2.541204501,82.63053913
Jan-76,0.006999963043,26.75766931,30.09157813,3.434666438,80.80503511
Feb-76,0.004666289286,27.04996963,30.37844346,2.590135068,79.60229784
Mar-76,0.005421859103,27.54087314,30.70319994,2.053228641,80.86120749
Apr-76,0.005380478583,27.79983497,30.88527884,1.952070547,79.77099764
May-76,0.005506089898,28.04142793,31.33535789,2.761207255,80.08447329
Jun-76,0.01100949856,27.87734856,31.11431947,3.985869031,83.16231636
Jul-76,0.00785656541,27.66435091,30.91430607,4.487539464,81.64907498
Aug-76,0.005419467609,27.50186515,30.7054928,4.410315701,81.39222075
Sep-76,0.004649897455,27.48241797,30.89123477,3.915239511,79.67635183
Oct-76,0.007849813072,26.95560136,30.18454974,3.103829798,81.39715461
Nov-76,0.008257114392,26.69140923,29.7610666,2.687218706,83.25281175
Dec-76,0.007812956064,26.78217085,29.83797702,2.503706187,83.31128628
Jan-77,0.0059256998,27.08106523,30.31883991,2.917092097,81.2274581
Feb-77,0.006413389805,27.31158809,30.48243367,2.622407536,81.38387277
Mar-77,0.007422803462,27.53783836,30.65608018,2.324755878,82.12939154
Apr-77,0.007923094803,27.87798326,31.05024869,2.691389867,81.63771477
May-77,0.01159869548,27.85626601,31.0520675,3.270200707,82.64676761
Jun-77,0.0117428189,27.7434873,30.94801592,3.857078488,82.97374822
Jul-77,0.008295340747,27.88736746,31.22354557,3.957195979,80.75077714
Aug-77,0.007664596963,27.38074638,30.55439731,3.280074062,82.56177588
Sep-77,0.00923923361,27.27052788,30.37351709,3.415767034,83.10302101
Oct-77,0.0114772029,26.9546872,30.06561187,3.103749812,83.85824104
Nov-77,0.009693899475,26.81260149,29.78142807,2.228721251,83.862925
Dec-77,0.007229816213,27.04945312,30.11947175,2.40644429,82.6403108
Jan-78,0.008089862187,27.2822428,30.4492243,3.187649374,81.77747181
Feb-78,0.007229858431,27.37486208,30.44183442,2.366077392,81.98831688
Mar-78,0.01076956099,27.44212949,30.72056674,3.65884627,81.94173906
Apr-78,0.00533359248,27.67009758,30.90565405,2.394419218,80.13585143
May-78,0.007390466308,27.45694161,30.68520496,2.668889167,81.60729536
Jun-78,0.007100994708,27.78310291,31.1544049,3.723266691,80.23843704
Jul-78,0.008845562697,27.29545684,30.39102216,3.477198869,83.31745294
Aug-78,0.005827252943,27.5769141,30.93483513,4.068362049,80.02406391
Sep-78,0.006121321594,27.2532467,30.48476484,3.742307431,80.92928423
Oct-78,0.01049448341,26.68357362,29.74984205,2.956887369,84.00647481
Nov-78,0.00873590179,26.75689026,29.83263852,2.537176715,83.13794506
Dec-78,0.008077176617,26.81482374,29.85420541,2.314354308,82.82982772
Jan-79,0.007705645347,26.92927167,29.92985967,2.428538488,83.11147563
Feb-79,0.007509132615,27.13168685,30.25689011,2.693687156,82.02299677
Mar-79,0.005204721019,27.60833887,30.80463939,2.33724726,80.26996122
Apr-79,0.008428741005,27.64884169,30.83230706,2.628189832,81.98699918
May-79,0.008622806142,27.76024581,31.01047638,3.226032311,82.15348287
Jun-79,0.01142110189,27.7653007,31.01819857,4.060448796,82.99223592
Jul-79,0.01106033277,27.26306991,30.37904941,4.260448737,83.39174841
Aug-79,0.006592408148,27.43237649,30.64757637,3.595950392,81.81926411
Sep-79,0.006644879208,27.26277029,30.34731692,3.822187018,82.32543908
Oct-79,0.006830057004,26.98095287,30.2120161,3.500440387,81.81059759
Nov-79,0.007071351808,26.91774404,30.09134493,3.069797341,82.12323747
Dec-79,0.007271979873,26.6246784,29.78198077,2.524971972,82.39324324
Jan-80,0.009856499333,26.70685406,29.93617955,3.717241084,82.15048687
Feb-80,0.007603530819,27.0045047,30.12752232,2.599582956,81.89366043
Mar-80,0.005572963148,27.5822638,30.82486146,2.431123848,80.41361732
Apr-80,0.006474538553,27.74380761,31.00867506,2.668091196,80.57555199
May-80,0.007533745847,27.96830741,31.27253444,3.456025942,81.80739723
Jun-80,0.009179105532,27.77655208,31.0445768,4.087838915,82.00849359
Jul-80,0.01310463344,27.15009276,30.23245194,4.14551491,83.94960179
Aug-80,0.008456346694,27.07235302,30.13144995,3.782298716,82.90914913
Sep-80,0.00540082682,27.00938313,30.13192037,3.777232153,81.99391493
Oct-80,0.006549001566,26.81858119,29.98670792,3.567831053,82.07250007
Nov-80,0.006333329274,26.66214115,29.78086537,2.299228575,82.19614881
Dec-80,0.007325893473,26.75606887,29.90320877,2.463660431,82.98836167
Jan-81,0.008791377418,27.11158422,30.24758318,3.362631489,82.97669895
Feb-81,0.01128226987,27.23623843,30.38901602,3.388315609,83.21784774
Mar-81,0.004948250167,27.5812683,30.87315022,2.257284383,79.8518661
Apr-81,0.005915534584,27.61317623,30.86329612,2.456493357,80.19214706
May-81,0.008114435598,27.94248355,31.24075217,3.467620093,81.16851248
Jun-81,0.009459103759,27.7238756,31.04464435,3.839414063,81.7807909
Jul-81,0.01061014182,27.25081279,30.39185824,3.727826253,83.37982968
Aug-81,0.008111213053,27.43611403,30.64911206,3.805793246,82.21662723
Sep-81,0.008215691028,27.2353058,30.42604267,3.578402165,81.89625568
Oct-81,0.008652453846,26.99741003,30.20276625,2.940573712,81.67228757
Nov-81,0.0075003399,26.81642559,29.86250488,2.115207426,82.17961315
Dec-81,0.01012335332,26.63707301,29.73236003,2.67823312,83.04588131
Jan-82,0.008982366512,26.80419186,29.92319663,3.062331157,82.14286022
Feb-82,0.007211835331,27.16429323,30.38249601,3.002495424,80.86029197
Mar-82,0.008059876122,27.27106876,30.50514562,2.876097581,82.23157944
Apr-82,0.006980894003,27.57261118,30.79618581,2.688501796,80.91873253
May-82,0.01062297323,27.90423323,31.24613023,4.478229244,81.7893801
Jun-82,0.008500864177,27.7408046,30.97331965,3.75255258,82.2601577
Jul-82,0.007092579777,27.36226869,30.52229142,3.490050793,81.59248072
Aug-82,0.004623673111,27.37303135,30.77196926,4.282615336,78.12904265
Sep-82,0.002591727487,27.68163364,31.47998434,4.114761011,73.58462256
Oct-82,0.005614494088,26.96889097,30.25518885,2.924680321,79.72973301
Nov-82,0.008358878608,26.46792808,29.56157895,2.646176098,83.03238372
Dec-82,0.007226462061,26.56768126,29.70881116,2.639475612,82.8322287
Jan-83,0.00374633852,26.77942199,30.21256169,3.148105286,78.5759863
Feb-83,0.006855178773,27.1173221,30.14634153,2.383965133,82.22593939
Mar-83,0.008554229291,27.25936666,30.40113081,2.502560441,83.08290104
Apr-83,0.008194189958,27.63297323,30.76733308,2.387474514,81.97028596
May-83,0.009496608374,27.67205373,30.90030292,3.234579916,82.7584308
Jun-83,0.01377286659,27.7277468,30.9389518,3.914928448,83.67346797
Jul-83,0.007985916543,27.59046362,30.87525033,3.935136184,81.78950776
Aug-83,0.01095418751,27.30477298,30.45957491,3.893316556,83.0719268
Sep-83,0.009886944127,27.37324372,30.47791372,3.821113959,82.57817821
Oct-83,0.007681435734,27.12859218,30.2783696,2.999895316,81.90991633
Nov-83,0.007417891847,26.95508604,30.18949994,2.594884379,81.60215305
Dec-83,0.009060556712,26.80653681,29.85115148,2.355455308,83.86555913
Jan-84,0.009159602682,26.98728464,30.05972615,2.774967778,83.35110898
Feb-84,0.007197938313,27.22260735,30.32332379,2.441617211,82.17909455
Mar-84,0.007624253643,27.60530779,30.73445286,2.499431051,82.40005359
Apr-84,0.007291029822,27.64627766,30.77164137,2.309040625,81.26909168
May-84,0.009154337655,27.78644938,31.06036726,3.938846939,82.42583418
Jun-84,0.009702652186,27.70605174,31.01741673,4.300628301,81.93104308
Jul-84,0.01416061423,27.38605513,30.53042551,4.250495749,84.04156308
Aug-84,0.007359215844,27.61241233,30.86837601,3.813728171,82.24510483
Sep-84,0.008186731832,27.3068489,30.43535569,3.458768569,82.79618596
Oct-84,0.01091162212,27.06188753,30.15848904,3.224442847,83.8669036
Nov-84,0.009484550538,26.82384931,29.93321185,2.588560344,82.97128028
Dec-84,0.007331141837,26.82880523,29.89851075,2.22907715,82.29328178
Jan-85,0.006669407385,27.12800356,30.38921738,3.328731285,81.24534962
Feb-85,0.008440559573,27.30627603,30.58088188,3.466796083,82.05159209
Mar-85,0.01078856821,27.34283736,30.4863728,3.132389427,83.10939003
Apr-85,0.006568279885,27.63276006,30.85136786,2.67241775,80.73933851
May-85,0.006333459947,28.02481042,31.40685127,3.02332944,79.84310822
Jun-85,0.004463283148,28.1659251,31.63809084,3.668322328,78.25762617
Jul-85,0.01114401844,27.01288282,30.03099627,3.41934649,84.29083833
Aug-85,0.004709427879,27.16177705,30.40547307,3.71357763,80.03927559
Sep-85,0.003887864316,27.3178435,30.73083368,3.548961539,78.74355854
Oct-85,0.005889397506,27.0482605,30.3133596,3.354952463,80.44539061
Nov-85,0.008687995012,26.4454017,29.49213952,2.749261188,83.07259062
Dec-85,0.005341311281,26.6441455,29.80298417,2.36351553,81.21821076
Jan-86,0.007767008737,26.97867863,30.08867087,2.61172756,82.52720139
Feb-86,0.006985661941,27.4428241,30.55741646,2.41006907,82.97131836
Mar-86,0.0077360196,27.69787276,30.87042725,2.293717261,82.57514558
Apr-86,0.007259650954,27.89762473,31.12368103,2.733654032,80.85954766
May-86,0.01145098317,28.23964606,31.54436548,4.60698633,82.06139153
Jun-86,0.01490837604,28.01254841,31.26412725,4.778918632,83.11834662
Jul-86,0.009909649286,27.59855798,30.72143543,4.017698597,83.19398004
Aug-86,0.00639181686,27.46272468,30.59225778,4.004053516,82.4538006
Sep-86,0.007238080243,27.2368841,30.31399055,4.056184441,82.29468055
Oct-86,0.01151576642,26.90495578,29.95815697,3.672940594,84.1798041
Nov-86,0.008658116714,26.78069523,29.8004877,2.554155107,83.35089264
Dec-86,0.007428955925,26.67833805,29.693713,2.43124132,82.9095602
Jan-87,0.007979134391,26.89308595,30.00178827,2.89614946,82.34045721
Feb-87,0.006487165938,27.18073791,30.36341173,2.764824445,80.81115226
Mar-87,0.008598749803,27.36400438,30.48753104,2.467860316,82.50163592
Apr-87,0.005196265901,27.74349801,30.85820597,1.992647981,79.79860934
May-87,0.008937217554,27.5977526,30.76023746,3.057235016,81.9287118
Jun-87,0.00935790032,27.48821518,30.71837464,3.933734436,82.91439931
Jul-87,0.008382020759,27.32636967,30.46755884,3.362008794,82.93932399
Aug-87,0.007406551548,27.30356183,30.43536675,3.592389256,82.53821981
Sep-87,0.005836199281,27.30197879,30.53049405,3.818447447,80.77645083
Oct-87,0.008385290884,26.95264545,30.08341354,3.824026906,82.5267993
Nov-87,0.007975128242,26.66985673,29.82631023,2.857452015,82.60231864
Dec-87,0.005057553926,26.51049193,29.85997495,2.594385845,79.76802358
Jan-88,0.008403270685,26.77130619,30.02073258,3.617725262,81.79844424
Feb-88,0.004111863829,27.37490438,30.66116119,2.484081842,79.84407892
Mar-88,0.007366119539,27.46662285,30.6489703,2.64083142,81.27874324
Apr-88,0.006021509284,27.59807371,30.80017427,2.185872379,80.57433376
May-88,0.006131200169,27.58028217,30.81968827,2.445189762,80.44796253
Jun-88,0.01137509484,27.58414943,30.81993343,3.869511501,82.18731107
Jul-88,0.006858268822,27.41125054,30.5764948,3.674646162,81.6795968
Aug-88,0.005602190756,27.47970467,30.84059386,3.904604216,78.38717067
Sep-88,0.006026300223,27.26088041,30.46432299,3.782115399,80.83262055
Oct-88,0.00708258345,26.92722591,30.04206443,3.080529404,81.75561918
Nov-88,0.007586194049,26.5940042,29.67103788,2.482132099,82.90668436
Dec-88,0.007129882343,26.69379507,29.76946776,2.500046473,83.14076783
Jan-89,0.006229820064,26.87186421,30.00777809,2.395206179,81.39365822
Feb-89,0.005652792042,27.26895312,30.4754039,2.506286179,79.96825561
Mar-89,0.004878212521,27.68056265,30.85821451,2.086368844,79.41893552
Apr-89,0.005839925896,27.77827823,30.96594262,2.279285915,80.15266074
May-89,0.009912938403,27.88485742,31.10517312,3.424918789,82.22635026
Jun-89,0.01173549311,27.84856818,31.14122669,4.054425969,82.89258864
Jul-89,0.01029436098,27.50407336,30.67331491,4.146773494,82.94894237
Aug-89,0.00812199801,27.20616575,30.35931522,4.256842329,82.39069374
Sep-89,0.00643669518,27.4925421,30.8758307,4.095557544,79.83690445
Oct-89,0.01119088512,26.94657858,30.11803309,3.292081804,83.80702601
Nov-89,0.008175165725,26.88902407,30.06731535,2.686643232,82.37841569
Dec-89,0.007422327036,26.8008806,29.90486787,2.352127481,82.48573745
Jan-90,0.007315182918,26.94233435,30.13159311,3.189844793,81.5494945
Feb-90,0.005703973877,27.31789759,30.65853584,2.726065446,80.51274047
Mar-90,0.008992906044,27.51139942,30.60925073,2.485117239,83.07409966
Apr-90,0.008585219723,27.67712153,30.8309694,2.414832303,82.24312241
May-90,0.0105534758,27.58410858,30.72873035,3.54979296,82.69942839
Jun-90,0.008894719693,27.70168279,30.93991184,4.083558927,82.31120135
Jul-90,0.004733055143,27.53415341,30.78965755,3.122248029,80.72416775
Aug-90,0.002615695236,28.05617751,31.57999617,4.078836892,77.04313572
Sep-90,0.004349365424,27.38898716,30.68366218,3.919356377,79.23458507
Oct-90,0.008114512786,26.79887605,29.89568302,3.410405754,82.33574329
Nov-90,0.005541018839,26.64468548,29.95883169,2.95816854,80.00068488
Dec-90,0.00539123651,26.60906681,29.91731317,2.551994026,80.69414657
Jan-91,0.005711581509,26.64919938,29.97861653,3.083350372,80.07566351
Feb-91,0.005451984381,27.01651507,30.37475656,2.677906837,79.43198727
Mar-91,0.00656345225,27.37670651,30.53331771,2.321452773,81.49236638
Apr-91,0.005244686924,27.83479088,31.09674217,2.485048616,80.08386445
May-91,0.007961086205,27.82914847,31.05389649,3.001988933,81.85753801
Jun-91,0.007528076895,27.74437307,31.03088059,4.054422007,81.49899805
Jul-91,0.007179672958,27.38760633,30.58099503,4.024531791,81.99175674
Aug-91,0.00520235464,27.42915427,30.60955434,4.322372274,80.70076394
Sep-91,0.01114873382,26.52227675,29.46176773,3.973487187,84.27618131
Oct-91,0.008304905778,26.69103358,29.81559505,3.424726932,82.62939501
Nov-91,0.00913436171,26.42113863,29.45445956,2.818177739,83.53418135
Dec-91,0.007362913846,26.62188047,29.6875958,2.34306036,83.16581273
Jan-92,0.007457901259,26.64262854,29.85373785,3.262803336,81.71115714
Feb-92,0.005263436093,27.09201834,30.46670317,3.392177511,80.49456579
Mar-92,0.005885438638,27.43455319,30.89991416,3.311271158,79.3243148
Apr-92,0.008737759345,26.96520568,30.06817807,2.39374463,82.49364261
May-92,0.01008235252,27.36683427,30.46159968,3.080009848,83.1712629
Jun-92,0.01248602217,27.40198715,30.47786426,3.675264489,84.22557634
Jul-92,0.009905497727,27.01266419,30.09836917,4.081450483,83.32659398
Aug-92,0.00631164403,27.2480071,30.49918328,3.84262125,81.59105097
Sep-92,0.003065692148,27.51057167,30.97729729,4.520941505,77.45512199
Oct-92,0.00703010301,26.79793033,30.0283832,3.595628234,81.28403336
Nov-92,0.007009305578,26.42012653,29.50825841,2.57320661,82.89587913
Dec-92,0.005954966997,26.36211817,29.52585626,2.380402311,81.62255597
Jan-93,0.00504149234,26.55169553,29.78552684,2.968287836,80.49957919
Feb-93,0.004710391893,27.04894972,30.30100119,2.597074076,79.99559591
Mar-93,0.006308772555,27.23157762,30.46205627,2.614388973,80.91710099
Apr-93,0.00815428065,27.28936136,30.38912885,2.358467409,82.44744421
May-93,0.006233677665,27.74174997,31.0201943,3.026351381,80.17120146
Jun-93,0.009614680885,27.59714094,30.8163328,3.737614991,82.92522565
Jul-93,0.00637977552,27.50027893,30.7915739,3.947833111,80.34059415
Aug-93,0.003177184972,27.71235621,31.13207956,4.057974512,78.22095529
Sep-93,0.005276550611,27.32320731,30.7137719,3.844861874,79.46536539
Oct-93,0.007407885842,26.97602307,30.12639135,2.925750588,81.47001702
Nov-93,0.007850247303,26.82857115,29.8866816,2.632261019,83.23667514
Dec-93,0.008226885965,26.68518151,29.75071251,2.583430965,82.96337525
Jan-94,0.005485312931,27.00573394,30.18724488,2.627001247,80.79794488
Feb-94,0.006587612158,27.17468866,30.40574273,3.070487171,81.0321115
Mar-94,0.003409564672,27.7076324,31.0962793,2.347674516,77.75249464
Apr-94,0.006349958888,27.73421148,30.92489917,2.336266932,80.88915709
May-94,0.007957983564,27.90580209,31.27699062,3.779221972,80.75844652
Jun-94,0.005659275946,27.81058852,31.22858086,3.544601359,79.42481549
Jul-94,0.009433984904,27.06448571,30.17450237,4.124782699,82.9203996
Aug-94,0.004776041756,27.41682866,30.717769,4.144672359,79.40440296
Sep-94,0.004310205896,27.35480247,30.73500514,3.832015883,79.00609858
Oct-94,0.005354897979,26.92943816,30.33268266,3.350393476,78.74702052
Nov-94,0.007930412763,26.3943162,29.52738466,2.934396326,82.35906459
Dec-94,0.005665509164,26.57732807,29.75850441,2.396205471,81.81667212
Jan-95,0.005779877223,26.7752106,29.96267951,2.615217262,81.41754212
Feb-95,0.005269514812,27.24654313,30.49139496,2.759127608,79.56563102
Mar-95,0.005811513427,27.65932732,30.84879839,2.126647837,80.57140528
Apr-95,0.0062744809,27.92589635,31.20069292,2.624049042,80.2124167
May-95,0.004578372419,28.32694548,31.84807944,3.398322841,77.99226277
Jun-95,0.009491019993,27.89616459,31.21376427,3.807591113,81.51243322
Jul-95,0.008800519695,27.53461504,30.80307859,3.878738547,82.18426512
Aug-95,0.006267328557,27.54073908,30.78231378,4.011128766,81.06391829
Sep-95,0.005152434053,27.48245346,30.72694541,3.957546507,79.86568265
Oct-95,0.00430611067,27.13367601,30.57752767,3.399565249,78.98627995
Nov-95,0.005874688208,26.9879903,30.38634944,2.932977122,78.68893701
Dec-95,0.007723669619,26.67841818,29.81818602,2.496909611,82.61387619
Jan-96,0.005046006058,27.1224378,30.46161417,2.886063426,79.1903894
Feb-96,0.005690916648,27.43557483,30.68843128,2.440607188,80.59502485
Mar-96,0.007174022148,27.8009821,31.10682752,2.809882459,80.47963018
Apr-96,0.007015272836,27.86066247,30.94722559,2.167145192,81.22406671
May-96,0.007018566162,28.20338231,31.49131479,2.847737271,80.58951458
Jun-96,0.009774117003,27.85496094,31.05213612,3.292156798,82.70403053
Jul-96,0.01221385187,27.52393011,30.69932735,3.991324821,83.74073316
Aug-96,0.006794383218,27.61848865,30.89892123,3.762655793,80.59586903
Sep-96,0.007016069825,27.35989994,30.65410424,3.647493176,80.37071915
Oct-96,0.007042968583,27.09703948,30.31725251,3.414717711,80.85880489
Nov-96,0.00830705211,26.69575827,29.73908482,2.493093663,82.9294792
Dec-96,0.006438681297,26.76766943,29.91142991,2.395612144,82.20597619
Jan-97,0.007653997549,26.86804128,30.11779388,3.382843746,80.97144625
Feb-97,0.007608829077,27.18949885,30.41285703,2.976517333,81.53612692
Mar-97,0.005559035097,27.68940574,30.89758407,2.405144259,80.52717488
Apr-97,0.00677737086,27.82942206,31.01126374,2.368524044,80.85467766
May-97,0.01039553413,27.74457351,30.99873465,3.330670735,82.16690937
Jun-97,0.01332895779,27.73945417,30.9293779,4.053762943,83.12888271
Jul-97,0.008636569805,27.74686114,31.01540629,4.364529325,81.46213548
Aug-97,0.007946069297,27.7034396,31.000349,3.874926875,81.33145676
Sep-97,0.01156616834,27.25671021,30.43995251,3.847752241,83.43647948
Oct-97,0.01163834967,27.11141619,30.20616727,2.992130022,83.79992545
Nov-97,0.0116353801,26.86536192,29.90935807,2.544635609,83.7783447
Dec-97,0.007170051434,26.84422298,29.98070269,2.524143751,81.87001021
Jan-98,0.006066621667,27.09886233,30.415813,3.468440635,80.3091004
Feb-98,0.00819243116,26.97651784,30.18778492,3.176980705,81.70700122
Mar-98,0.008054201898,27.21545141,30.3549914,2.696502551,82.11649433
Apr-98,0.00820517448,27.5017332,30.64009487,2.686649598,81.96552546
May-98,0.008720856079,27.77936562,31.0397226,3.709537398,81.8711364
Jun-98,0.005891538447,27.64226691,30.94780117,3.225997844,80.66814982
Jul-98,0.01048307542,27.11508494,30.20661165,3.425988261,83.32136992
Aug-98,0.006415467368,27.34016587,30.65661179,4.074400791,80.71119747
Sep-98,0.007882227823,27.02951204,30.17304805,3.964175592,82.67381119
Oct-98,0.00695596361,26.64656454,29.82626724,2.973438145,82.01334276
Nov-98,0.0069981205,26.47744318,29.55925769,2.521467764,83.09295206
Dec-98,0.006173847455,26.44379598,29.65125688,2.560659856,81.85522162
Jan-99,0.003195957173,26.3946943,29.87104548,2.873566321,78.00784941
Feb-99,0.003696395584,27.31708535,30.76132663,2.484142589,79.40853196
Mar-99,0.007671964884,27.36140484,30.56466441,2.458836947,81.6785637
Apr-99,0.004531555156,27.90504486,31.09905941,2.063619907,79.73464657
May-99,0.004181144433,28.11212223,31.46754209,2.506762211,78.45560984
Jun-99,0.01129073207,27.678397,30.9092923,4.254638655,82.94192604
Jul-99,0.005949701845,27.96750796,31.34493856,4.212823604,80.11984512
Aug-99,0.008494521629,27.54172973,30.73884263,3.821378235,82.29214002
Sep-99,0.006932779073,27.11513715,30.23922462,4.116131528,82.08532573
Oct-99,0.006834727028,26.86096586,30.15826545,3.125675477,81.23726032
Nov-99,0.008198225143,26.54514541,29.62124863,2.609571365,83.04478665
Dec-99,0.006698301742,26.38866439,29.62230337,2.669907205,82.08815877